{"cameraMode":{"drawMode":0,"name":"Shaded","section":"Shading Mode"},"sceneLighting":true,"audioPlay":false,"sceneViewState":{"showFog":true,"showMaterialUpdate":true,"showSkybox":true,"showFlares":true,"showImageEffects":true,"showParticleSystems":true},"in2DMode":false,"pivot":{"x":-0.8332568407058716,"y":0.48082029819488528,"z":0.669377326965332},"rotation":{"x":-0.04014463722705841,"y":0.9568653702735901,"z":-0.16111129522323609,"w":-0.2384241819381714},"size":2.519257068634033,"orthographic":false}